query,intent
looking for reliable basmati rice exporter from pakistan,BUY
cotton raw material supplier india,BUY
spices bulk supplier pakistan,BUY
need soybean supplier urgent shipment,BUY
cement sourcing iran cheap bulk,BUY
rice supplier under 280 dollar ton,BUY
leather exporter for eu market,BUY
koi maize supplier hai africa se?,BUY
wheat supplier cheap rate bulk,BUY
garlic importer needed pakistan,BUY
industrial chemicals sourcing uae bulk,BUY
need palm oil importer karachi,BUY
onion supplier pakistan wholesale,BUY
fertilizer supplier monthly contract,BUY
cotton yarn exporter india cheap,BUY
sugar supplier urgent 1 ton,BUY
rice sourcing vietnam bulk,BUY
textile machinery supplier china,BUY
soybean bulk importer pakistan,BUY
mujhe coal supplier chahiye power plant ke liye,BUY
who exports spices from india,BUY
cement supplier low cost bulk,BUY
chemicals bulk supplier for pharma,BUY
need garlic supplier 500 kg,BUY
cheap cotton fabric supplier china,BUY
maize supplier 200 tons requirement,BUY
coal importer pakistan bulk order,BUY
onion importer needed bulk quantity,BUY
wheet supplier monthly contract 50 tons,BUY
textile fabric sourcing turkey premium quality,BUY
onin supplier india wholsale,BUY
surgcal instruments sialkot exprt,BUY
machinry supplier china textil,BUY
chemicls supplier industril grade,BUY
spicse bulk supplier pakistan,BUY
garlc supplier iran 500 kg,BUY
soybn meal supplier urgnt,BUY
palm ol supplier malaysia cheep,BUY
cemnnt supplier low cost bulk,BUY
fertilzr supplier china montly,BUY
maiz supplier africa bulk ordr,BUY
need rice surpplier asap cheap,BUY
wheet supplier for food factry,BUY
suger importer pakistan urgent,BUY
cottn yarn supplier needed bulk,BUY
need reliable wheat exporter global supplier,BUY
cotton yarn sourcing bangladesh bulk,BUY
rice importer needed for retail chain,BUY
chemicals supplier industrial grade china,BUY
surgical instruments bulk sourcing pakistan,BUY
garlic supplier iran bulk cheap,BUY
palm oil supplier best price malaysia,BUY
maize supplier livestock feed bulk,BUY
mujhe industrial salt import karni hai,BUY
sugar supplier pakistan wholesale rate,BUY
fertilizer exporter china bulk,BUY
rice supplier karachi immediate delivery,BUY
onion sourcing cheap india,BUY
where can i get surgical instruments exporter,BUY
who supplies rock salt in bulk pakistan,BUY
urgent wheat sourcing 20 tons,BUY
mujhe cotton yarn import karni hai,BUY
looking for rice import options thailand,BUY
maize supplier cheap rate africa,BUY
industrial chemicals supplier uae,BUY
need leather goods supplier pakistan export quality,BUY
source onion in bulk from india,BUY
cement supplier for construction project 500 tons,BUY
need soybean supplier from brazil,BUY
wheet supplier for food processing company,BUY
looking for textile fabric manufacturers in turkey,BUY
need spices supplier india bulk order,BUY
fertilizer supplier for 200 tons requirement,BUY
who exports surgical instruments from sialkot,BUY
bulk garlic supplier from iran,BUY
mujhe wheat ka supplier chahiye karachi delivery ke liye,BUY
need 100 kg refined sugar urgently,BUY
cotton fabric wholesaler from china,BUY
suger supplier needed for import,BUY
affordable rice supplier under $300 per ton,BUY
require 50 tons of maize from ukraine,BUY
where can i source industrial salt in bulk,BUY
koi cotton yarn supplier hai pakistan mein?,BUY
need wheat supplier asap for bulk order,BUY
leather raw material supplier bulk,BUY
need cheap coal supplier indonesia,BUY
affordable cotton supplier under market rate,BUY
palm oil exporter malaysia bulk shipment,BUY
1000 kg onion supplier needed,BUY
wheet bulk sourcing ukraine urgent,BUY
need fertilizer supplier for agriculture project,BUY
industrial salt exporter pakistan,BUY
looking for soybean oil supplier,BUY
mujhe spices import karni hain india se,BUY
sugar supplier under $500 per ton,BUY
textile fabric bulk supplier lahore,BUY
need coal supplier for power plant,BUY
cement importer needed from iran,BUY
sourcing garlic in bulk cheap rate,BUY
chemicals supplier for textile industry,BUY
koi rice exporter hai thailand se?,BUY
wheat supplier 100 tons monthly,BUY
palm oil bulk supplier malaysia cheap,BUY
fertilizer import supplier china,BUY
leather exporter pakistan required for partnership,BUY
where to get industrial machinery supplier china,BUY
need maize urgently for livestock feed,BUY
sugar import supplier from brazil,BUY
cottn yarn bulk supplier cheap,BUY
looking for high quality basmati rice supplier,BUY
need surgical gloves manufacturer pakistan,BUY
onion supplier low price bulk,BUY
textile raw material supplier needed,BUY
bulk palm oil source indonesia cheap,BUY
where can i find soybean meal exporters,BUY
koi maize ka buyer hai africa mein?,SELL
onion exporters india buyers needed,SELL
garlic exporters pakistan buyers needed,SELL
wheat cheap stock available buyers needed,SELL
leather exporters targeting eu clients,SELL
coal exporters pakistan buyers required,SELL
cement exporters iran buyers needed,SELL
spices bulk exporters pakistan buyers needed,SELL
cotton raw material sellers india buyers needed,SELL
industrial chemicals exporters uae clients needed,SELL
rice exporters under 280 dollar ton buyers,SELL
palm oil sellers karachi importers needed,SELL
soybean suppliers pakistan buyers needed,SELL
fertilizer suppliers long term buyers needed,SELL
cotton yarn exporters india buyers needed,SELL
sugar 1 ton available buyers required,SELL
rice exporters vietnam buyers needed,SELL
textile machinery sellers china clients required,SELL
coal bechna hai power plant clients chahiye,SELL
cement available low cost buyers needed,SELL
chemicals suppliers pharma clients needed,SELL
cotton fabric exporters china buyers needed,SELL
maize 200 tons available buyers required,SELL
onion wholesalers pakistan buyers needed,SELL
wheet 50 tons available monthly buyers,SELL
cottn fabric sellrs china buyrs neededd,SELL
textile fabric exporters turkey buyers needed,SELL
onion exporters bulk quantity buyers needed,SELL
rice exprtrs cheap rate buyrs needd,SELL
onin exportrs bulk buyrs requiredd,SELL
surgcal instruments exprtrs distributrrs needed,SELL
machinry sellrs china clients reqiured,SELL
chemicls industril grade sellrs needed,SELL
spicse bulk exprtrs buyrs neededd,SELL
garlc exprtrs pakistan buyrs requireed,SELL
soybn meal avialable exprt buyrs,SELL
palm ol sellers malasia buyrs needd,SELL
cemnnt avialable 500 tons buyrs needeed,SELL
fertilzr exportrs china buyrs requiredd,SELL
fertilizer exporters china buyers needed,SELL
maiz stock avialable for exprt buyers,SELL
suger exprt pakistan bulck buyers needd,SELL
cottn yarn ready stok need buyrs export,SELL
wheat exporters global buyers needed,SELL
cotton yarn bangladesh exporters buyers needed,SELL
rice exporters retail chain buyers needed,SELL
chemicals industrial grade sellers buyers needed,SELL
surgical instruments exporters pakistan buyers needed,SELL
garlic iran exporters buyers required,SELL
palm oil best price sellers buyers needed,SELL
maize livestock feed suppliers buyers needed,SELL
industrial salt exporters seeking buyers,SELL
sugar wholesalers pakistan buyers needed,SELL
wheet bulk avaliable urgnt buyrs needed,SELL
rice exporters karachi seeking buyers,SELL
wheat bechna hai bulk mein koi buyer hai?,SELL
urgent wheat stock available need buyers,SELL
cotton yarn bechni hai export ke liye,SELL
rice exporters targeting thailand market buyers,SELL
maize available cheap need buyers africa,SELL
industrial chemicals sellers need uae clients,SELL
leather goods exporters looking for eu buyers,SELL
onion export buyers from india required,SELL
cement available 500 tons need buyers,SELL
soybean sellers targeting buyers in china,SELL
wheet available bulk ready for export buyers,SELL
palm oil suppliers connecting with buyers malaysia,SELL
textile fabric export opportunities turkey buyers,SELL
rock salt exporters seeking bulk buyers,SELL
fertilizer available 200 tons need buyers,SELL
surgical instruments suppliers looking for global buyers,SELL
garlic exporters seeking buyers in middle east,SELL
mujhe wheat export karni hai koi importer batao,SELL
have 100 kg refined sugar available for buyers,SELL
cotton fabric buyers from china needed,SELL
suger ke liye buyer chahiye export quality,SELL
rice export at $300 per ton buyers needed,SELL
offload 50 tons of maize to uae market,SELL
who buys industrial salt in bulk internationally,SELL
looking for cotton yarn buyers in europe,SELL
wheet 50 tons avialable montly buyrs,SELL
seeking buyers for basmati rice export from pakistan,SELL
coal suppliers searching for buyers indonesia region,SELL
leather raw material available export buyers,SELL
spices exporters india buyers required,SELL
onion 1000 kg available for buyers,SELL
palm oil sellers malaysia buyers needed,SELL
wheet bulk stock ready urgent buyers,SELL
industrial salt sellers pakistan export buyers,SELL
mujhe spices export karni hain india ke liye,SELL
sugar available under $500 per ton buyers,SELL
textile fabric exporters lahore buyers needed,SELL
coal suppliers need power plant clients,SELL
cement exporters targeting iran buyers,SELL
garlic bulk available for export buyers,SELL
chemicals manufacturers seeking textile industry clients,SELL
premium cotton available for international buyers,SELL
koi rice ka buyer hai thailand mein?,SELL
onion suppliers bulk ready buyers needed,SELL
leather exporters pakistan seeking partnerships,SELL
industrial machinery suppliers looking for clients china,SELL
maize stock available for livestock buyers,SELL
sugar exporters targeting brazil market,SELL
cottn yarn ready stock buyers needed,SELL
high quality basmati rice exporters seeking clients,SELL
surgical gloves available need bulk buyers,SELL
fertilizer exporters china market buyers needed,SELL
textile raw material available for export,SELL
palm oil sellers targeting indonesia buyers,SELL
soybean meal suppliers looking for importers,SELL
wheat 100 tons ready for shipment buyers,SELL
leather exprtrs eu clients reqiured,SELL
buy wheat bulk,BUY
buy rice from thailand,BUY
buy cotton yarn cheap,BUY
buy sugar 500 tons,BUY
buy dextrose urgent,BUY
purchase wheat 100 tons,BUY
purchase rice cheap rate,BUY
purchase cotton yarn india,BUY
purchase sugar bulk order,BUY
purchase dextrose from china,BUY
want to buy wheat,BUY
want to buy rice bulk,BUY
want to buy cotton,BUY
want to buy sugar cheap,BUY
want to buy dextrose,BUY
i want to buy wheat bulk,BUY
i want to purchase rice,BUY
i want to buy cotton yarn,BUY
i want to purchase sugar,BUY
i want to buy dextrose urgently,BUY
sell wheat bulk,SELL
sell rice to china,SELL
sell cotton yarn abroad,SELL
sell sugar 500 tons,SELL
sell dextrose urgent,SELL
want to sell wheat,SELL
want to sell rice bulk,SELL
want to sell cotton,SELL
want to sell sugar cheap,SELL
want to sell dextrose,SELL
i want to sell wheat bulk,SELL
i want to sell rice internationally,SELL
i want to sell cotton yarn,SELL
i want to sell sugar,SELL
i want to sell dextrose,SELL
selling wheat need buyers,SELL
selling rice need market,SELL
selling cotton need buyers,SELL
selling sugar internationally,SELL
selling dextrose need clients,SELL
who sells dextrose,BUY
who sells wheat in bulk,BUY
who sells rice cheap,BUY
who sells cotton yarn,BUY
who sells sugar,BUY
who provides industrial salt,BUY
who provides wheat bulk,BUY
who provides cotton yarn pakistan,BUY
which companies sell dextrose,BUY
which companies sell wheat,BUY
which companies sell rice,BUY
which companies provide cotton,BUY
which companies provide sugar,BUY
who are the sellers of wheat,BUY
who are the sellers of dextrose,BUY
who buys wheat,SELL
who buys rice in bulk,SELL
who buys cotton yarn,SELL
who buys sugar,SELL
who buys dextrose,SELL
who purchases wheat,SELL
who purchases rice,SELL
who purchases cotton,SELL
who purchases sugar internationally,SELL
which companies buy wheat,SELL
which companies buy rice,SELL
which companies buy cotton,SELL
which companies import wheat,SELL
which companies import rice,SELL
which companies import sugar,SELL
who are the buyers of wheat,SELL
who are the buyers of dextrose,SELL
cheapest wheat supplier,BUY
cheapest rice supplier,BUY
cheapest cotton supplier,BUY
lowest price wheat bulk,BUY
lowest price rice supplier,BUY
best rate wheat supplier,BUY
best rate cotton yarn,BUY
cheap wheat bulk,BUY
cheap rice supplier,BUY
cheap cotton bulk,BUY
affordable wheat supplier,BUY
affordable rice supplier,BUY
wheat supplier,BUY
rice supplier,BUY
cotton supplier,BUY
sugar supplier,BUY
dextrose supplier,BUY
need wheat,BUY
need rice,BUY
need cotton,BUY
need sugar,BUY
need dextrose,BUY
any wheat suppliers,BUY
any rice suppliers,BUY
sell wheat at $200 per ton,SELL
sell rice $300 per ton,SELL
sell cotton at best price,SELL
selling sugar premium rate,SELL
selling dextrose $500 per ton,SELL
wheat available $250 per ton buyers,SELL
rice available best price buyers,SELL
cotton selling at market rate,SELL
sugar at $400 per ton need buyers,SELL
best price wheat available for sale,SELL
premium wheat available buyers,SELL
selling rice at competitive rate,SELL
offload sugar at $300 per ton,SELL
wheat bulk selling price negotiable,SELL
cotton yarn selling cheap rate,SELL
wheat buyers,SELL
rice buyers,SELL
cotton buyers,SELL
sugar buyers,SELL
dextrose buyers,SELL
wheat export,SELL
rice export,SELL
cotton export,SELL
sugar export,SELL
any wheat buyers,SELL
any wheat buyers,SELL
any rice buyers,SELL
any cotton buyers,SELL
